Alt Kategori,Marka,Model,Motor/Seri,Donanım/Paket
Ticari Araçlar,Minibüs & Midibüs,BMC,Diğer Seriler,
Ticari Araçlar,Minibüs & Midibüs,BMC,Levend,
Ticari Araçlar,Minibüs & Midibüs,BMC,Megastar,
Ticari Araçlar,Minibüs & Midibüs,BMC,Midilux,
Ticari Araçlar,Minibüs & Midibüs,Citroën,Jumper,
Ticari Araçlar,Minibüs & Midibüs,Citroën,Jumpy Space & Spacetourer,
Ticari Araçlar,Minibüs & Midibüs,Fiat,Ducato,
Ticari Araçlar,Minibüs & Midibüs,Ford - Otosan,2.0 DOCH,
Ticari Araçlar,Minibüs & Midibüs,Ford - Otosan,2.5 DI,
Ticari Araçlar,Minibüs & Midibüs,Ford - Otosan,Diğer Seriler,
Ticari Araçlar,Minibüs & Midibüs,Ford - Otosan,T 120P,
Ticari Araçlar,Minibüs & Midibüs,Ford - Otosan,Transit,
Ticari Araçlar,Minibüs & Midibüs,GAZ,Gazelle,
Ticari Araçlar,Minibüs & Midibüs,Hyundai,Diğer Seriler,
Ticari Araçlar,Minibüs & Midibüs,Hyundai,H Serisi,H1
Ticari Araçlar,Minibüs & Midibüs,Hyundai,H Serisi,H2
Ticari Araçlar,Minibüs & Midibüs,Hyundai,H Serisi,H3
Ticari Araçlar,Minibüs & Midibüs,Hyundai,Starex,
Ticari Araçlar,Minibüs & Midibüs,Isuzu,Citibus,
Ticari Araçlar,Minibüs & Midibüs,Isuzu,Diğer Seriler,
Ticari Araçlar,Minibüs & Midibüs,Isuzu,D-Max,1.9
Ticari Araçlar,Minibüs & Midibüs,Isuzu,D-Max,2.5
Ticari Araçlar,Minibüs & Midibüs,Isuzu,D-Max,3.0 D 4x4
Ticari Araçlar,Minibüs & Midibüs,Isuzu,Harmony,
Ticari Araçlar,Minibüs & Midibüs,Isuzu,MD,
Ticari Araçlar,Minibüs & Midibüs,Isuzu,Novo,
Ticari Araçlar,Minibüs & Midibüs,Isuzu,Royal,
Ticari Araçlar,Minibüs & Midibüs,Isuzu,Roybus,
Ticari Araçlar,Minibüs & Midibüs,Isuzu,Trooper,2.3
Ticari Araçlar,Minibüs & Midibüs,Isuzu,Trooper,2.6
Ticari Araçlar,Minibüs & Midibüs,Isuzu,Trooper,2.8 TD
Ticari Araçlar,Minibüs & Midibüs,Isuzu,Trooper,3.0
Ticari Araçlar,Minibüs & Midibüs,Isuzu,Turkuaz,
Ticari Araçlar,Minibüs & Midibüs,Isuzu,Urban,
Ticari Araçlar,Minibüs & Midibüs,Iveco - Otoyol,Diğer Seriler,
Ticari Araçlar,Minibüs & Midibüs,Iveco - Otoyol,E,
Ticari Araçlar,Minibüs & Midibüs,Iveco - Otoyol,M,
Ticari Araçlar,Minibüs & Midibüs,Karsan,Atak,
Ticari Araçlar,Minibüs & Midibüs,Karsan,J10,
Ticari Araçlar,Minibüs & Midibüs,Karsan,J9,
Ticari Araçlar,Minibüs & Midibüs,Karsan,Jest,
Ticari Araçlar,Minibüs & Midibüs,Magirus,80,
Ticari Araçlar,Minibüs & Midibüs,Magirus,Diğer Seriler,
Ticari Araçlar,Minibüs & Midibüs,Magirus,M,
Ticari Araçlar,Minibüs & Midibüs,Mercedes - Benz,Sprinter,
Ticari Araçlar,Minibüs & Midibüs,Mitsubishi,L 300,
Ticari Araçlar,Minibüs & Midibüs,Opel,Vivaro,
Ticari Araçlar,Minibüs & Midibüs,Otokar,Diğer Seriler,
Ticari Araçlar,Minibüs & Midibüs,Otokar,M,
Ticari Araçlar,Minibüs & Midibüs,Otokar,Sultan,
Ticari Araçlar,Minibüs & Midibüs,Otokar,Tempo,
Ticari Araçlar,Minibüs & Midibüs,Peugeot,Boxer,
Ticari Araçlar,Minibüs & Midibüs,Peugeot,Diğer Seriler,
Ticari Araçlar,Minibüs & Midibüs,Peugeot,J9,
Ticari Araçlar,Minibüs & Midibüs,Renault,Diğer Seriler,
Ticari Araçlar,Minibüs & Midibüs,Renault,Master,
Ticari Araçlar,Minibüs & Midibüs,Renault,Trafic Passenger,
Ticari Araçlar,Minibüs & Midibüs,Tata,LP,
Ticari Araçlar,Minibüs & Midibüs,Temsa,Maxus,
Ticari Araçlar,Minibüs & Midibüs,Temsa,Powerbus,
Ticari Araçlar,Minibüs & Midibüs,Temsa,Prestij,
Ticari Araçlar,Minibüs & Midibüs,Volkswagen,Crafter,
Ticari Araçlar,Minibüs & Midibüs,Volkswagen,Diğer Seriler,
Ticari Araçlar,Minibüs & Midibüs,Volkswagen,T Serisi,
Ticari Araçlar,Minibüs & Midibüs,Volkswagen,Volt,
Ticari Araçlar,Otobüs,AKIA,ULTRA LF12,
Ticari Araçlar,Otobüs,BMC,Belde,
Ticari Araçlar,Otobüs,BMC,ProBus,
Ticari Araçlar,Otobüs,BMC,ProCity,
Ticari Araçlar,Otobüs,DAF,DAF,
Ticari Araçlar,Otobüs,Güleryüz,Cobra çift katlı,
Ticari Araçlar,Otobüs,Güleryüz,Cobra GD 272,
Ticari Araçlar,Otobüs,Güleryüz,Cobra GD 272 LF,
Ticari Araçlar,Otobüs,Güleryüz,Cobra GL 9L,
Ticari Araçlar,Otobüs,Güleryüz,Cobra GM 180,
Ticari Araçlar,Otobüs,Güleryüz,Cobra GM 220,
Ticari Araçlar,Otobüs,Güleryüz,Cobra GM 220 LF,
Ticari Araçlar,Otobüs,Hyundai,Aero,
Ticari Araçlar,Otobüs,Isobus,City,
Ticari Araçlar,Otobüs,Isuzu,Citibus,
Ticari Araçlar,Otobüs,Isuzu,Citimark,
Ticari Araçlar,Otobüs,Isuzu,Citiport,
Ticari Araçlar,Otobüs,Isuzu,Classic,
Ticari Araçlar,Otobüs,Isuzu,Novo,
Ticari Araçlar,Otobüs,Isuzu,Novociti,
Ticari Araçlar,Otobüs,Isuzu,Visigo,
Ticari Araçlar,Otobüs,Iveco,E27,
Ticari Araçlar,Otobüs,Iveco,M27,
Ticari Araçlar,Otobüs,Iveco,M29,
Ticari Araçlar,Otobüs,Iveco,M50,
Ticari Araçlar,Otobüs,MAN,Diğer Seriler,
Ticari Araçlar,Otobüs,MAN,Fortuna,
Ticari Araçlar,Otobüs,MAN,Lions,
Ticari Araçlar,Otobüs,MAN,S 2000,
Ticari Araçlar,Otobüs,MAN,SL,
Ticari Araçlar,Otobüs,Mercedes - Benz,Conecto,
Ticari Araçlar,Otobüs,Mercedes - Benz,Diğer Seriler,
Ticari Araçlar,Otobüs,Mercedes - Benz,MB,
Ticari Araçlar,Otobüs,Mercedes - Benz,O Serisi,
Ticari Araçlar,Otobüs,Mercedes - Benz,Tourismo,
Ticari Araçlar,Otobüs,Mercedes - Benz,Travego,
Ticari Araçlar,Otobüs,Neoplan,Cityliner,
Ticari Araçlar,Otobüs,Neoplan,Diğer Seriler,
Ticari Araçlar,Otobüs,Neoplan,Starliner,
Ticari Araçlar,Otobüs,Neoplan,Tourliner,
Ticari Araçlar,Otobüs,Otokar,Doruk,
Ticari Araçlar,Otobüs,Otokar,Kent,
Ticari Araçlar,Otobüs,Scania,Diğer Seriler,
Ticari Araçlar,Otobüs,Setra,Diğer Seriler,
Ticari Araçlar,Otobüs,Setra,S Serisi,
Ticari Araçlar,Otobüs,TCV,Karat M,
Ticari Araçlar,Otobüs,Temsa,Avenue,
Ticari Araçlar,Otobüs,Temsa,Diamond,
Ticari Araçlar,Otobüs,Temsa,Maraton,
Ticari Araçlar,Otobüs,Temsa,MD9 LE,
Ticari Araçlar,Otobüs,Temsa,Metropol,
Ticari Araçlar,Otobüs,Temsa,Prenses,
Ticari Araçlar,Otobüs,Temsa,Safir,
Ticari Araçlar,Otobüs,Temsa,Tourmalin,
Ticari Araçlar,Otobüs,Tezeller,Tezauto,
Ticari Araçlar,Otobüs,Türkkar,City Angel,
Ticari Araçlar,Kamyon & Kamyonet,Anadol,P2,
Ticari Araçlar,Kamyon & Kamyonet,Askam,AS 250,
Ticari Araçlar,Kamyon & Kamyonet,Askam,AS 26,
Ticari Araçlar,Kamyon & Kamyonet,Askam,AS 32,
Ticari Araçlar,Kamyon & Kamyonet,Askam,AS 950,
Ticari Araçlar,Kamyon & Kamyonet,Astra,HD8 84.44 - 80,
Ticari Araçlar,Kamyon & Kamyonet,Bedford,Genoto,
Ticari Araçlar,Kamyon & Kamyonet,BMC,Fatih,
Ticari Araçlar,Kamyon & Kamyonet,BMC,Levend,
Ticari Araçlar,Kamyon & Kamyonet,BMC,Megastar,
Ticari Araçlar,Kamyon & Kamyonet,BMC,Pro,
Ticari Araçlar,Kamyon & Kamyonet,BMC,TM,
Ticari Araçlar,Kamyon & Kamyonet,Chrysler,19,
Ticari Araçlar,Kamyon & Kamyonet,Chrysler,26,
Ticari Araçlar,Kamyon & Kamyonet,Chrysler,32,
Ticari Araçlar,Kamyon & Kamyonet,Chrysler,Fargo,
Ticari Araçlar,Kamyon & Kamyonet,Chrysler,Hino,
Ticari Araçlar,Kamyon & Kamyonet,Chrysler,PD,
Ticari Araçlar,Kamyon & Kamyonet,Dacia,Pick-Up,2.5 4x2
Ticari Araçlar,Kamyon & Kamyonet,Dacia,Pick-Up,2.5 4x4
Ticari Araçlar,Kamyon & Kamyonet,Daewoo,Labo,
Ticari Araçlar,Kamyon & Kamyonet,Daewoo,Truck 1.9D,
Ticari Araçlar,Kamyon & Kamyonet,DAF,CF,
Ticari Araçlar,Kamyon & Kamyonet,DAF,LF,
Ticari Araçlar,Kamyon & Kamyonet,Daihatsu,Delta,
Ticari Araçlar,Kamyon & Kamyonet,DFM,Çift Kabin,
Ticari Araçlar,Kamyon & Kamyonet,DFM,Rich,
Ticari Araçlar,Kamyon & Kamyonet,DFM,Tek Kabin,
Ticari Araçlar,Kamyon & Kamyonet,DFSK,Mini Maxi,
Ticari Araçlar,Kamyon & Kamyonet,DFSK,Twin Maxi,
Ticari Araçlar,Kamyon & Kamyonet,Dodge,AS,
Ticari Araçlar,Kamyon & Kamyonet,Dodge,Fargo,
Ticari Araçlar,Kamyon & Kamyonet,FAW,CA1024 Çift kabin,
Ticari Araçlar,Kamyon & Kamyonet,FAW,CA1024 Tek kabin,
Ticari Araçlar,Kamyon & Kamyonet,Fiat,Ducato,
Ticari Araçlar,Kamyon & Kamyonet,Fiat,NC,
Ticari Araçlar,Kamyon & Kamyonet,Fiat,Pratico,
Ticari Araçlar,Kamyon & Kamyonet,Fiat,Strada,
Ticari Araçlar,Kamyon & Kamyonet,Folkvan,MJK01,
Ticari Araçlar,Kamyon & Kamyonet,Ford - Otosan,1210,
Ticari Araçlar,Kamyon & Kamyonet,Ford - Otosan,3226,
Ticari Araçlar,Kamyon & Kamyonet,Ford - Otosan,Cargo,
Ticari Araçlar,Kamyon & Kamyonet,Ford - Otosan,F Serisi,
Ticari Araçlar,Kamyon & Kamyonet,Ford - Otosan,P 100,
Ticari Araçlar,Kamyon & Kamyonet,Ford - Otosan,Ranger,2.2 TDCi
Ticari Araçlar,Kamyon & Kamyonet,Ford - Otosan,Ranger,2.5 TDCi
Ticari Araçlar,Kamyon & Kamyonet,Ford - Otosan,Ranger,3.0 TDCi
Ticari Araçlar,Kamyon & Kamyonet,Ford - Otosan,Ranger,3.2 TDCi
Ticari Araçlar,Kamyon & Kamyonet,Ford - Otosan,Transit,
Ticari Araçlar,Kamyon & Kamyonet,GAZ,Gazelle,
Ticari Araçlar,Kamyon & Kamyonet,GAZ,Next,
Ticari Araçlar,Kamyon & Kamyonet,HFKanuni,K Serisi,
Ticari Araçlar,Kamyon & Kamyonet,Hino,26260,
Ticari Araçlar,Kamyon & Kamyonet,Hino,26265,
Ticari Araçlar,Kamyon & Kamyonet,Hino,32260,
Ticari Araçlar,Kamyon & Kamyonet,Hino,FB,
Ticari Araçlar,Kamyon & Kamyonet,Hyundai,H,
Ticari Araçlar,Kamyon & Kamyonet,Hyundai,HD,
Ticari Araçlar,Kamyon & Kamyonet,Hyundai,Starex Kamyonet,
Ticari Araçlar,Kamyon & Kamyonet,International,Enter TOE 1800,
Ticari Araçlar,Kamyon & Kamyonet,International,Enter TOE 1860,
Ticari Araçlar,Kamyon & Kamyonet,Isuzu,D-Max,3.0 D 4x4
Ticari Araçlar,Kamyon & Kamyonet,Isuzu,KB,
Ticari Araçlar,Kamyon & Kamyonet,Isuzu,NKR,
Ticari Araçlar,Kamyon & Kamyonet,Isuzu,NLR,
Ticari Araçlar,Kamyon & Kamyonet,Isuzu,NNR,
Ticari Araçlar,Kamyon & Kamyonet,Isuzu,NPR,
Ticari Araçlar,Kamyon & Kamyonet,Isuzu,NQR,
Ticari Araçlar,Kamyon & Kamyonet,Isuzu,N-WIDE,
Ticari Araçlar,Kamyon & Kamyonet,Isuzu,TF,
Ticari Araçlar,Kamyon & Kamyonet,Isuzu,TORA,
Ticari Araçlar,Kamyon & Kamyonet,Iveco - Otoyol,120,
Ticari Araçlar,Kamyon & Kamyonet,Iveco - Otoyol,250,
Ticari Araçlar,Kamyon & Kamyonet,Iveco - Otoyol,35,
Ticari Araçlar,Kamyon & Kamyonet,Iveco - Otoyol,49,
Ticari Araçlar,Kamyon & Kamyonet,Iveco - Otoyol,50,
Ticari Araçlar,Kamyon & Kamyonet,Iveco - Otoyol,65,
Ticari Araçlar,Kamyon & Kamyonet,Iveco - Otoyol,70,
Ticari Araçlar,Kamyon & Kamyonet,Iveco - Otoyol,75,
Ticari Araçlar,Kamyon & Kamyonet,Iveco - Otoyol,80,
Ticari Araçlar,Kamyon & Kamyonet,Iveco - Otoyol,85,
Ticari Araçlar,Kamyon & Kamyonet,Iveco - Otoyol,EuroCargo,
Ticari Araçlar,Kamyon & Kamyonet,Iveco - Otoyol,Stralis,
Ticari Araçlar,Kamyon & Kamyonet,Iveco - Otoyol,Trakker,
Ticari Araçlar,Kamyon & Kamyonet,JAC,HFC,
Ticari Araçlar,Kamyon & Kamyonet,Kia,Asia,
Ticari Araçlar,Kamyon & Kamyonet,Kia,Bongo,
Ticari Araçlar,Kamyon & Kamyonet,Kia,Cerez,
Ticari Araçlar,Kamyon & Kamyonet,Kia,K,
Ticari Araçlar,Kamyon & Kamyonet,MAN,12,
Ticari Araçlar,Kamyon & Kamyonet,MAN,18,
Ticari Araçlar,Kamyon & Kamyonet,MAN,19,
Ticari Araçlar,Kamyon & Kamyonet,MAN,20,
Ticari Araçlar,Kamyon & Kamyonet,MAN,25,
Ticari Araçlar,Kamyon & Kamyonet,MAN,26,
Ticari Araçlar,Kamyon & Kamyonet,MAN,32,
Ticari Araçlar,Kamyon & Kamyonet,MAN,33,
Ticari Araçlar,Kamyon & Kamyonet,MAN,41,
Ticari Araçlar,Kamyon & Kamyonet,MAN,520 HN,
Ticari Araçlar,Kamyon & Kamyonet,MAN,TGA,
Ticari Araçlar,Kamyon & Kamyonet,MAN,TGL,
Ticari Araçlar,Kamyon & Kamyonet,MAN,TGS,
Ticari Araçlar,Kamyon & Kamyonet,Mazda,B 2500,
Ticari Araçlar,Kamyon & Kamyonet,Mazda,E 2200,
Ticari Araçlar,Kamyon & Kamyonet,Mercedes - Benz,Actros,
Ticari Araçlar,Kamyon & Kamyonet,Mercedes - Benz,Arocs,
Ticari Araçlar,Kamyon & Kamyonet,Mercedes - Benz,Atego,
Ticari Araçlar,Kamyon & Kamyonet,Mercedes - Benz,Axor,
Ticari Araçlar,Kamyon & Kamyonet,Mercedes - Benz,MB,
Ticari Araçlar,Kamyon & Kamyonet,Mercedes - Benz,Sprinter,
Ticari Araçlar,Kamyon & Kamyonet,Mercedes - Benz,Unimog,
Ticari Araçlar,Kamyon & Kamyonet,Mercedes - Benz,Vario,
Ticari Araçlar,Kamyon & Kamyonet,Mitsubishi - Temsa,Canter,
Ticari Araçlar,Kamyon & Kamyonet,Mitsubishi - Temsa,FE,
Ticari Araçlar,Kamyon & Kamyonet,Mitsubishi - Temsa,L,
Ticari Araçlar,Kamyon & Kamyonet,Mitsubishi - Temsa,TF,
Ticari Araçlar,Kamyon & Kamyonet,Nissan,Cabstar,
Ticari Araçlar,Kamyon & Kamyonet,Nissan,Country,Country 4x2
Ticari Araçlar,Kamyon & Kamyonet,Nissan,Country,Country 4x4
Ticari Araçlar,Kamyon & Kamyonet,Nissan,Hardbody,
Ticari Araçlar,Kamyon & Kamyonet,Nissan,Navara,2.3 DCI
Ticari Araçlar,Kamyon & Kamyonet,Nissan,SkyStar,Skystar 4x2
Ticari Araçlar,Kamyon & Kamyonet,Nissan,SkyStar,Skystar 4x4
Ticari Araçlar,Kamyon & Kamyonet,Otokar,Atlas,
Ticari Araçlar,Kamyon & Kamyonet,Peugeot,Boxer Kamyonet,
Ticari Araçlar,Kamyon & Kamyonet,Piaggio,Maxxi,
Ticari Araçlar,Kamyon & Kamyonet,Piaggio,Porter,
Ticari Araçlar,Kamyon & Kamyonet,Renault,Kerax,
Ticari Araçlar,Kamyon & Kamyonet,Renault,Mascott,
Ticari Araçlar,Kamyon & Kamyonet,Renault,Master,
Ticari Araçlar,Kamyon & Kamyonet,Renault,Messenger,
Ticari Araçlar,Kamyon & Kamyonet,Renault,Midlum,
Ticari Araçlar,Kamyon & Kamyonet,Renault,Premium,
Ticari Araçlar,Kamyon & Kamyonet,Samsung,SV,
Ticari Araçlar,Kamyon & Kamyonet,Scania,93,
Ticari Araçlar,Kamyon & Kamyonet,Scania,94,
Ticari Araçlar,Kamyon & Kamyonet,Scania,G,
Ticari Araçlar,Kamyon & Kamyonet,Scania,R,
Ticari Araçlar,Kamyon & Kamyonet,Skoda,Pick-up,
Ticari Araçlar,Kamyon & Kamyonet,Suzuki,Carry,
Ticari Araçlar,Kamyon & Kamyonet,Tata,207,
Ticari Araçlar,Kamyon & Kamyonet,Tata,T35,
Ticari Araçlar,Kamyon & Kamyonet,Tata,Xenon,
Ticari Araçlar,Kamyon & Kamyonet,Tata,XT,
Ticari Araçlar,Kamyon & Kamyonet,Toyota,Hilux,Active 2.4 4x2
Ticari Araçlar,Kamyon & Kamyonet,Toyota,Hilux,Active 2.4 4x4
Ticari Araçlar,Kamyon & Kamyonet,Toyota,Hilux,Adventure 2.4 4x2
Ticari Araçlar,Kamyon & Kamyonet,Toyota,Hilux,Adventure 2.4 4x4
Ticari Araçlar,Kamyon & Kamyonet,Toyota,Hilux,Adventure2.5 4x2
Ticari Araçlar,Kamyon & Kamyonet,Toyota,Hilux,Adventure 2.5 4x4
Ticari Araçlar,Kamyon & Kamyonet,Toyota,Hilux,Basic 2.5 4x2
Ticari Araçlar,Kamyon & Kamyonet,Toyota,Hilux,Çift Kabin 4x4
Ticari Araçlar,Kamyon & Kamyonet,Toyota,Hilux,Comfort 2.5 4x2
Ticari Araçlar,Kamyon & Kamyonet,Toyota,Hilux,Elegant 3.0 4x4
Ticari Araçlar,Kamyon & Kamyonet,Toyota,Hilux,Freedom 4x4
Ticari Araçlar,Kamyon & Kamyonet,Toyota,Hilux,Hi-Cruiser2.4 4x4
Ticari Araçlar,Kamyon & Kamyonet,Toyota,Hilux,Hi-Cruiser 2.8 4x4
Ticari Araçlar,Kamyon & Kamyonet,Volkswagen,Crafter,
Ticari Araçlar,Kamyon & Kamyonet,Volkswagen,Transporter,
Ticari Araçlar,Kamyon & Kamyonet,Volvo,FL,
Ticari Araçlar,Kamyon & Kamyonet,Volvo,FM,
Ticari Araçlar,Kamyon & Kamyonet,Volvo,FMX,
Ticari Araçlar,Kamyon & Kamyonet,Volvo,NL,
Ticari Araçlar,Çekici,Askam,AS 19,
Ticari Araçlar,Çekici,BMC,Pro,
Ticari Araçlar,Çekici,Daewoo,Novus,
Ticari Araçlar,Çekici,DAF,105,
Ticari Araçlar,Çekici,DAF,3300,
Ticari Araçlar,Çekici,DAF,ATI,
Ticari Araçlar,Çekici,DAF,CF,
Ticari Araçlar,Çekici,DAF,XF,105.460 4x2
Ticari Araçlar,Çekici,DAF,Diğer Seriler,
Ticari Araçlar,Çekici,Fiat,,
Ticari Araçlar,Çekici,Ford Trucks,F-Line,1845 T
Ticari Araçlar,Çekici,Ford Trucks,F-Max,1842 T
Ticari Araçlar,Çekici,Ford Trucks,F-Max,1848 T
Ticari Araçlar,Çekici,Ford Trucks,F-Max,1848 T Midilli
Ticari Araçlar,Çekici,Ford Trucks,F-Max,1850 T
Ticari Araçlar,Çekici,Ford Trucks,F-Max,3542 T
Ticari Araçlar,Çekici,Ford Trucks,F-Max,3548 T
Ticari Araçlar,Çekici,Ford Trucks,F-Max,500
Ticari Araçlar,Çekici,Ford Trucks,F-Max,500 Comfort Plus
Ticari Araçlar,Çekici,Ford Trucks,F-Max,500 L
Ticari Araçlar,Çekici,Ford Trucks,F-Max,500 Midilli
Ticari Araçlar,Çekici,Ford Trucks,Cargo,
Ticari Araçlar,Çekici,Gaz,Next,
Ticari Araçlar,Çekici,Iveco,Eurostar,
Ticari Araçlar,Çekici,Iveco,Eurotech,
Ticari Araçlar,Çekici,Iveco,Stralis,
Ticari Araçlar,Çekici,Iveco,Trakker,
Ticari Araçlar,Çekici,Iveco,Turbostar,
Ticari Araçlar,Çekici,Liaz,,
Ticari Araçlar,Çekici,Mack,Diğer Seriler,
Ticari Araçlar,Çekici,MAN,26,
Ticari Araçlar,Çekici,MAN,33,
Ticari Araçlar,Çekici,MAN,Diğer Seri,
Ticari Araçlar,Çekici,MAN,F2000,
Ticari Araçlar,Çekici,MAN,TGA,
Ticari Araçlar,Çekici,MAN,TGS,
Ticari Araçlar,Çekici,MAN,TGX,
Ticari Araçlar,Çekici,Renault Trucks,C,460
Ticari Araçlar,Çekici,Renault Trucks,C,480
Ticari Araçlar,Çekici,Renault Trucks,C,520
Ticari Araçlar,Çekici,Renault Trucks,D,"D 7,5"
Ticari Araçlar,Çekici,Renault Trucks,D,D Wide
Ticari Araçlar,Çekici,Renault Trucks,Kerax,420.34 (6x4)
Ticari Araçlar,Çekici,Renault Trucks,Magnum,
Ticari Araçlar,Çekici,Renault Trucks,Premium,
Ticari Araçlar,Çekici,Renault Trucks,T,
Ticari Araçlar,Çekici,Scania,Diğer Seri,
Ticari Araçlar,Çekici,Scania,G,
Ticari Araçlar,Çekici,Scania,H,
Ticari Araçlar,Çekici,Scania,L,
Ticari Araçlar,Çekici,Scania,M,
Ticari Araçlar,Çekici,Scania,P,
Ticari Araçlar,Çekici,Scania,R,
Ticari Araçlar,Çekici,Volvo,F,
Ticari Araçlar,Çekici,Volvo,FH,
Ticari Araçlar,Çekici,Volvo,FL,
Ticari Araçlar,Çekici,Volvo,FM,
Ticari Araçlar,Dorse,Damperli,Hafriyat Tipi,
Ticari Araçlar,Dorse,Damperli,Havuz,
Ticari Araçlar,Dorse,Damperli,Kapaklı Tip,
Ticari Araçlar,Dorse,Damperli,Kaya Tipi,
Ticari Araçlar,Dorse,Frigorifik,,
Ticari Araçlar,Dorse,Konteyner Taşıyıcı / Şasi Grubu,Damper Şasi,
Ticari Araçlar,Dorse,Konteyner Taşıyıcı / Şasi Grubu,Kılçık Şasi,
Ticari Araçlar,Dorse,Konteyner Taşıyıcı / Şasi Grubu,Platform Şasi,
Ticari Araçlar,Dorse,Konteyner Taşıyıcı / Şasi Grubu,Römork Konvantörü,
Ticari Araçlar,Dorse,Konteyner Taşıyıcı / Şasi Grubu,Tanker Şasi,
Ticari Araçlar,Dorse,Konteyner Taşıyıcı / Şasi Grubu,Uzayabilir Şasi,
Ticari Araçlar,Dorse,Kuru Yük,Kapaklı,
Ticari Araçlar,Dorse,Kuru Yük,Kapaklı (Kaya Tipi),
Ticari Araçlar,Dorse,Kuru Yük,Kapaksız (Platform),
Ticari Araçlar,Dorse,Lowbed,Havuzlu,
Ticari Araçlar,Dorse,Lowbed,Önden Kırmalı,
Ticari Araçlar,Dorse,Özel Amaçlı Dorseler,,
Ticari Araçlar,Dorse,Silobas,,
Ticari Araçlar,Dorse,Tanker,,
Ticari Araçlar,Dorse,Tekstil,,
Ticari Araçlar,Dorse,Tenteli,Midilli,
Ticari Araçlar,Dorse,Tenteli,Pilot,
Ticari Araçlar,Dorse,Tenteli,Yarı Midilli,
Ticari Araçlar,Römork,Kamyon Römorkları,,
Ticari Araçlar,Römork,Özel Amaçlı Römorklar,,
Ticari Araçlar,Römork,Tarım Römorkları,Açık Kasa,
Ticari Araçlar,Römork,Tarım Römorkları,Kapalı Kasa,
Ticari Araçlar,Römork,Tarım Römorkları,Tanker,
Ticari Araçlar,Römork,Taşıma Römorkları,Boru Römorku,
Ticari Araçlar,Römork,Taşıma Römorkları,Frigo Römork,
Ticari Araçlar,Römork,Taşıma Römorkları,Hayvan Römorku,
Ticari Araçlar,Römork,Taşıma Römorkları,Platform Römorku,
Ticari Araçlar,Römork,Taşıma Römorkları,Seyahat Römorku,
Ticari Araçlar,Römork,Taşıma Römorkları,Vasıta Römorku,
Ticari Araçlar,Römork,Taşıma Römorkları,Yük Römorku,
Ticari Araçlar,Karoser & Üst Yapı,Damperli Grup,Ahşap Kasa,
Ticari Araçlar,Karoser & Üst Yapı,Damperli Grup,Hafriyat Tipi,
Ticari Araçlar,Karoser & Üst Yapı,Damperli Grup,Havuz,
Ticari Araçlar,Karoser & Üst Yapı,Damperli Grup,Kaya Tipi,
Ticari Araçlar,Karoser & Üst Yapı,Sabit Kabin,Açık Kasa,
Ticari Araçlar,Karoser & Üst Yapı,Sabit Kabin,Kapalı Kasa,
Ticari Araçlar,Karoser & Üst Yapı,Sabit Kabin,Özel Kasa,
Ticari Araçlar,Oto Kurtarıcı & Taşıyıcı,Çoklu Araç,,
Ticari Araçlar,Oto Kurtarıcı & Taşıyıcı,Tekli Araç,,
Ticari Araçlar,Ticari Hat & Ticari Plaka,Deniz Hattı,,
Ticari Araçlar,Ticari Hat & Ticari Plaka,Minibüs / Dolmuş Hattı,,
Ticari Araçlar,Ticari Hat & Ticari Plaka,Nakliye Araçları,,
Ticari Araçlar,Ticari Hat & Ticari Plaka,Otobüs Hattı,,
Ticari Araçlar,Ticari Hat & Ticari Plaka,Servis Plakası,,
Ticari Araçlar,Ticari Hat & Ticari Plaka,Taksi Plakası,,
